{"default_values": {"MSSubClass": 3.9318256327243257, "MSZoning": 1.3862943611198906, "LotFrontage": 4.248495242049359, "LotArea": 9.156886838722746, "Street": 0.6931471805599453, "Alley": 1.0, "LotShape": 1.3862943611198906, "LandContour": 1.3862943611198906, "Utilities": 0.0, "LotConfig": 1.6094379124341003, "LandSlope": 0.0, "Neighborhood": 12.0, "Condition1": 1.0986122886681098, "Condition2": 1.0986122886681098, "BldgType": 0.0, "HouseStyle": 2.0, "OverallQual": 6.0, "OverallCond": 1.791759469228055, "YearBuilt": 7.587817219993427, "YearRemodAdd": 7.598399329323964, "RoofStyle": 0.6931471805599453, "RoofMatl": 0.6931471805599453, "Exterior1st": 2.5649493574615367, "Exterior2nd": 2.6390573296152584, "MasVnrType": 2.0, "MasVnrArea": 0.0, "ExterQual": 1.3862943611198906, "ExterCond": 1.6094379124341003, "Foundation": 1.0, "BsmtQual": 2.0, "BsmtCond": 1.6094379124341003, "BsmtExposure": 1.3862943611198906, "BsmtFinType1": 2.0, "BsmtFinSF1": 5.951942943437755, "BsmtFinType2": 1.9459101490553132, "BsmtFinSF2": 0.0, "BsmtUnfSF": 6.170651297395139, "TotalBsmtSF": 6.900226885665022, "Heating": 0.6931471805599453, "HeatingQC": 0.0, "CentralAir": 0.6931471805599453, "Electrical": 1.6094379124341003, "1stFlrSF": 6.992096005027085, "2ndFlrSF": 0.0, "LowQualFinSF": 0.0, "GrLivArea": 7.289610521451167, "BsmtFullBath": 0.0, "BsmtHalfBath": 0.0, "FullBath": 2.0, "HalfBath": 0.0, "BedroomAbvGr": 3.0, "KitchenAbvGr": 0.6931471805599453, "KitchenQual": 1.3862943611198906, "TotRmsAbvGrd": 1.9459101490553132, "Functional": 1.9459101490553132, "Fireplaces": 0.6931471805599453, "FireplaceQu": 3.0, "GarageType": 0.6931471805599453, "GarageYrBlt": 7.591357046698551, "GarageFinish": 1.0986122886681098, "GarageCars": 2.0, "GarageArea": 480.0, "GarageQual": 1.791759469228055, "GarageCond": 1.791759469228055, "PavedDrive": 1.0986122886681098, "WoodDeckSF": 0.0, "OpenPorchSF": 3.258096538021482, "EnclosedPorch": 0.0, "3SsnPorch": 0.0, "ScreenPorch": 0.0, "PoolArea": 0.0, "PoolQC": 1.3862943611198906, "Fence": 1.6094379124341003, "MiscFeature": 0.6931471805599453, "MiscVal": 0.0, "MoSold": 6.0, "YrSold": 2008.0, "SaleType": 2.1972245773362196, "SaleCondition": 1.6094379124341003, "TotalSF": 7.8139955933784595, "TotalBath": 2.0, "TotalPorchSF": 3.8918202981106265, "HouseAge": 3.58351893845611, "RemodelAge": 2.70805020110221, "HasRemodel": 0.0, "HasGarage": 0.6931471805599453, "HasBsmt": 0.6931471805599453, "HasFireplace": 1.0, "Has2ndFloor": 0.0, "HasWoodDeck": 0.0, "HasOpenPorch": 1.0, "HasPool": 0.0, "LotPerSF": 1.560619953103549, "GarageRatio": 0.18265269674250134, "OverallQual2": 3.6109179126442243, "OverallQual3": 5.37989735354046, "QualPerSF": 0.002438978445674347, "YearBuilt2": 15.174621268934388, "TotalRooms": 2.1972245773362196, "AvgRoomSize": 5.284245524818591}, "skew_cols": ["MSSubClass", "MSZoning", "LotFrontage", "LotArea", "Street", "LotShape", "LandContour", "Utilities", "LotConfig", "LandSlope", "Condition1", "Condition2", "BldgType", "OverallCond", "YearBuilt", "YearRemodAdd", "RoofStyle", "RoofMatl", "Exterior1st", "Exterior2nd", "MasVnrArea", "ExterQual", "ExterCond", "BsmtCond", "BsmtExposure", "BsmtFinSF1", "BsmtFinType2", "BsmtFinSF2", "BsmtUnfSF", "TotalBsmtSF", "Heating", "CentralAir", "Electrical", "1stFlrSF", "2ndFlrSF", "LowQualFinSF", "GrLivArea", "BsmtFullBath", "BsmtHalfBath", "HalfBath", "KitchenAbvGr", "KitchenQual", "TotRmsAbvGrd", "Functional", "Fireplaces", "GarageType", "GarageYrBlt", "GarageFinish", "GarageQual", "GarageCond", "PavedDrive", "WoodDeckSF", "OpenPorchSF", "EnclosedPorch", "3SsnPorch", "ScreenPorch", "PoolArea", "PoolQC", "Fence", "MiscFeature", "MiscVal", "SaleType", "SaleCondition", "TotalSF", "TotalPorchSF", "HouseAge", "RemodelAge", "HasGarage", "HasBsmt", "HasPool", "LotPerSF", "OverallQual2", "OverallQual3", "QualPerSF", "YearBuilt2", "TotalRooms", "AvgRoomSize"]}