{"center": [50.0, 3.0, 4.248495242049359, 9.156886838722746, 1.0, 1.0, 3.0, 3.0, 0.0, 4.0, 0.0, 12.0, 2.0, 2.0, 0.0, 2.0, 6.0, 5.0, 1973.0, 1994.0, 1.0, 1.0, 12.0, 13.0, 2.0, 0.0, 3.0, 4.0, 1.0, 2.0, 4.0, 3.0, 2.0, 5.951942943437755, 6.0, 0.0, 6.170651297395139, 6.900226885665022, 1.0, 0.0, 1.0, 4.0, 6.992096005027085, 0.0, 0.0, 7.289610521451167, 0.0, 0.0, 2.0, 0.0, 3.0, 1.0, 3.0, 6.0, 6.0, 1.0, 3.0, 1.0, 1980.0, 2.0, 2.0, 480.0, 5.0, 5.0, 2.0, 0.0, 3.258096538021482, 0.0, 0.0, 0.0, 0.0, 3.0, 4.0, 1.0, 0.0, 6.0, 2008.0, 8.0, 4.0, 7.8139955933784595, 2.0, 3.8918202981106265, 35.0, 14.0, 0.0, 1.0, 1.0, 1.0, 0.0, 0.0, 1.0, 0.0, 1.560619953103549, 0.18265269674250134, 36.0, 216.0, 0.002438978445674347, 3892729.0, 8.0, 5.284245524818591], "scale": [50.0, 1.0, 0.27115277050056985, 0.42907768752891684, 1.0, 1.0, 3.0, 1.0, 1.0, 2.0, 1.0, 10.0, 1.0, 1.0, 1.0, 3.0, 2.0, 1.0, 46.0, 37.0, 1.0, 1.0, 4.0, 5.0, 1.0, 5.107456052514571, 1.0, 1.0, 1.0, 2.0, 1.0, 1.0, 5.0, 6.5698318058956175, 1.0, 1.0, 1.2841528652034517, 0.48900159281159894, 1.0, 4.0, 1.0, 1.0, 0.45535117351176524, 6.591673732008658, 1.0, 0.4526885338130153, 1.0, 1.0, 1.0, 1.0, 1.0, 1.0, 1.0, 2.0, 1.0, 1.0, 1.0, 4.0, 39.0, 2.0, 1.0, 241.5, 1.0, 1.0, 1.0, 5.1298987149230735, 4.23410650459726, 1.0, 1.0, 1.0, 1.0, 1.0, 1.0, 1.0, 1.0, 3.0, 2.0, 1.0, 1.0, 0.40189421343608434, 0.5, 4.919980925828125, 46.0, 37.0, 1.0, 1.0, 1.0, 1.0, 1.0, 1.0, 1.0, 1.0, 0.3494205428254429, 0.07997898225010569, 24.0, 218.0, 0.0006547790434113182, 181884.0, 3.0, 0.2618386146379299]}