{"center": [3.9318256327243257, 1.3862943611198906, 4.248495242049359, 9.156886838722746, 0.6931471805599453, 1.0, 1.3862943611198906, 1.3862943611198906, 0.0, 1.6094379124341003, 0.0, 12.0, 1.0986122886681098, 1.0986122886681098, 0.0, 2.0, 6.0, 1.791759469228055, 7.587817219993427, 7.598399329323964, 0.6931471805599453, 0.6931471805599453, 2.5649493574615367, 2.6390573296152584, 2.0, 0.0, 1.3862943611198906, 1.6094379124341003, 1.0, 2.0, 1.6094379124341003, 1.3862943611198906, 2.0, 5.951942943437755, 1.9459101490553132, 0.0, 6.170651297395139, 6.900226885665022, 0.6931471805599453, 0.0, 0.6931471805599453, 1.6094379124341003, 6.992096005027085, 0.0, 0.0, 7.289610521451167, 0.0, 0.0, 2.0, 0.0, 3.0, 0.6931471805599453, 1.3862943611198906, 1.9459101490553132, 1.9459101490553132, 0.6931471805599453, 3.0, 0.6931471805599453, 7.591357046698551, 1.0986122886681098, 2.0, 480.0, 1.791759469228055, 1.791759469228055, 1.0986122886681098, 0.0, 3.258096538021482, 0.0, 0.0, 0.0, 0.0, 1.3862943611198906, 1.6094379124341003, 0.6931471805599453, 0.0, 6.0, 2008.0, 2.1972245773362196, 1.6094379124341003, 7.8139955933784595, 2.0, 3.8918202981106265, 3.58351893845611, 2.70805020110221, 0.0, 0.6931471805599453, 0.6931471805599453, 1.0, 0.0, 0.0, 1.0, 0.0, 1.560619953103549, 0.18265269674250134, 3.6109179126442243, 5.37989735354046, 0.002438978445674347, 15.174621268934388, 2.1972245773362196, 5.284245524818591], "scale": [1.2181574393178924, 1.0, 0.27115277050056985, 0.42907768752891684, 1.0, 1.0, 1.3862943611198906, 1.0, 1.0, 0.5108256237659905, 1.0, 10.0, 1.0, 1.0, 1.0, 3.0, 2.0, 0.15415067982725827, 0.023256862164267034, 0.018626262128471183, 1.0, 1.0, 0.3677247801253172, 0.44183275227903884, 1.0, 5.107456052514571, 0.2876820724517808, 1.0, 1.0, 2.0, 1.0, 0.2876820724517808, 5.0, 6.5698318058956175, 1.0, 1.0, 1.2841528652034517, 0.48900159281159894, 1.0, 4.0, 1.0, 1.0, 0.45535117351176524, 6.591673732008658, 1.0, 0.4526885338130153, 0.6931471805599453, 1.0, 1.0, 0.6931471805599453, 1.0, 1.0, 0.2876820724517808, 0.2876820724517808, 1.0, 0.6931471805599453, 1.0, 1.0986122886681096, 0.019672765598704345, 0.6931471805599453, 1.0, 241.5, 1.0, 1.0, 1.0, 5.1298987149230735, 4.23410650459726, 1.0, 1.0, 1.0, 1.0, 1.0, 1.0, 1.0, 1.0, 3.0, 2.0, 1.0, 1.0, 0.40189421343608434, 0.5, 4.919980925828125, 1.8101086078962516, 2.1282317058492684, 1.0, 1.0, 1.0, 1.0, 1.0, 1.0, 1.0, 1.0, 0.3494205428254429, 0.07997898225010569, 0.6539264674066638, 1.0043597504219202, 0.0006547790434113182, 0.04653724196943543, 0.3184537311185349, 0.2618386146379299]}